dongsi_aq,tiantan_aq,guanyuan_aq,wanshouxigong_aq,aotizhongxin_aq,nongzhanguan_aq,wanliu_aq,beibuxinqu_aq,zhiwuyuan_aq,fengtaihuayuan_aq,yungang_aq,gucheng_aq,fangshan_aq,daxing_aq,yizhuang_aq,tongzhou_aq,shunyi_aq,pingchang_aq,mentougou_aq,pinggu_aq,huairou_aq,miyun_aq,yanqin_aq,dingling_aq,badaling_aq,miyunshuiku_aq,donggaocun_aq,yongledian_aq,yufa_aq,liulihe_aq,qianmen_aq,yongdingmennei_aq,xizhimenbei_aq,nansanhuan_aq,dongsihuan_aq
beijing_grid_303,beijing_grid_303,beijing_grid_282,beijing_grid_303,beijing_grid_304,beijing_grid_324,beijing_grid_283,beijing_grid_263,beijing_grid_262,beijing_grid_282,beijing_grid_239,beijing_grid_261,beijing_grid_238,beijing_grid_301,beijing_grid_323,beijing_grid_366,beijing_grid_368,beijing_grid_264,beijing_grid_240,beijing_grid_452,beijing_grid_349,beijing_grid_392,beijing_grid_225,beijing_grid_265,beijing_grid_224,beijing_grid_414,beijing_grid_452,beijing_grid_385,beijing_grid_278,beijing_grid_216,beijing_grid_303,beijing_grid_303,beijing_grid_283,beijing_grid_303,beijing_grid_324
beijing_grid_304,beijing_grid_302,beijing_grid_303,beijing_grid_282,beijing_grid_303,beijing_grid_303,beijing_grid_282,beijing_grid_242,beijing_grid_283,beijing_grid_281,beijing_grid_260,beijing_grid_240,beijing_grid_239,beijing_grid_302,beijing_grid_344,beijing_grid_345,beijing_grid_347,beijing_grid_285,beijing_grid_241,beijing_grid_453,beijing_grid_350,beijing_grid_413,beijing_grid_224,beijing_grid_286,beijing_grid_223,beijing_grid_435,beijing_grid_473,beijing_grid_364,beijing_grid_279,beijing_grid_215,beijing_grid_282,beijing_grid_302,beijing_grid_304,beijing_grid_302,beijing_grid_325
beijing_grid_324,beijing_grid_324,beijing_grid_283,beijing_grid_302,beijing_grid_283,beijing_grid_325,beijing_grid_262,beijing_grid_262,beijing_grid_263,beijing_grid_261,beijing_grid_240,beijing_grid_262,beijing_grid_259,beijing_grid_322,beijing_grid_322,beijing_grid_365,beijing_grid_369,beijing_grid_265,beijing_grid_261,beijing_grid_473,beijing_grid_370,beijing_grid_391,beijing_grid_204,beijing_grid_264,beijing_grid_203,beijing_grid_413,beijing_grid_451,beijing_grid_386,beijing_grid_299,beijing_grid_237,beijing_grid_302,beijing_grid_282,beijing_grid_282,beijing_grid_282,beijing_grid_303
beijing_grid_325,beijing_grid_282,beijing_grid_304,beijing_grid_281,beijing_grid_325,beijing_grid_304,beijing_grid_304,beijing_grid_264,beijing_grid_261,beijing_grid_260,beijing_grid_261,beijing_grid_260,beijing_grid_260,beijing_grid_280,beijing_grid_324,beijing_grid_344,beijing_grid_348,beijing_grid_286,beijing_grid_219,beijing_grid_431,beijing_grid_371,beijing_grid_412,beijing_grid_203,beijing_grid_266,beijing_grid_202,beijing_grid_415,beijing_grid_453,beijing_grid_384,beijing_grid_257,beijing_grid_195,beijing_grid_304,beijing_grid_324,beijing_grid_303,beijing_grid_281,beijing_grid_304
beijing_grid_282,beijing_grid_304,beijing_grid_281,beijing_grid_304,beijing_grid_305,beijing_grid_323,beijing_grid_284,beijing_grid_241,beijing_grid_241,beijing_grid_303,beijing_grid_238,beijing_grid_282,beijing_grid_217,beijing_grid_300,beijing_grid_302,beijing_grid_367,beijing_grid_367,beijing_grid_263,beijing_grid_262,beijing_grid_474,beijing_grid_328,beijing_grid_393,beijing_grid_246,beijing_grid_244,beijing_grid_245,beijing_grid_393,beijing_grid_431,beijing_grid_406,beijing_grid_277,beijing_grid_217,beijing_grid_324,beijing_grid_281,beijing_grid_284,beijing_grid_324,beijing_grid_345
beijing_grid_302,beijing_grid_323,beijing_grid_261,beijing_grid_283,beijing_grid_282,beijing_grid_345,beijing_grid_261,beijing_grid_284,beijing_grid_284,beijing_grid_302,beijing_grid_259,beijing_grid_241,beijing_grid_237,beijing_grid_323,beijing_grid_343,beijing_grid_346,beijing_grid_346,beijing_grid_243,beijing_grid_220,beijing_grid_432,beijing_grid_348,beijing_grid_371,beijing_grid_245,beijing_grid_285,beijing_grid_244,beijing_grid_434,beijing_grid_472,beijing_grid_365,beijing_grid_258,beijing_grid_194,beijing_grid_281,beijing_grid_304,beijing_grid_305,beijing_grid_323,beijing_grid_346
beijing_grid_283,beijing_grid_281,beijing_grid_302,beijing_grid_324,beijing_grid_324,beijing_grid_302,beijing_grid_303,beijing_grid_243,beijing_grid_282,beijing_grid_283,beijing_grid_218,beijing_grid_239,beijing_grid_218,beijing_grid_281,beijing_grid_345,beijing_grid_387,beijing_grid_389,beijing_grid_284,beijing_grid_239,beijing_grid_451,beijing_grid_329,beijing_grid_414,beijing_grid_226,beijing_grid_287,beijing_grid_225,beijing_grid_436,beijing_grid_474,beijing_grid_363,beijing_grid_300,beijing_grid_236,beijing_grid_283,beijing_grid_323,beijing_grid_262,beijing_grid_304,beijing_grid_323
beijing_grid_323,beijing_grid_325,beijing_grid_262,beijing_grid_261,beijing_grid_284,beijing_grid_346,beijing_grid_263,beijing_grid_283,beijing_grid_242,beijing_grid_262,beijing_grid_281,beijing_grid_283,beijing_grid_258,beijing_grid_321,beijing_grid_301,beijing_grid_386,beijing_grid_326,beijing_grid_244,beijing_grid_242,beijing_grid_454,beijing_grid_369,beijing_grid_370,beijing_grid_223,beijing_grid_243,beijing_grid_204,beijing_grid_392,beijing_grid_430,beijing_grid_407,beijing_grid_256,beijing_grid_238,beijing_grid_323,beijing_grid_283,beijing_grid_325,beijing_grid_301,beijing_grid_302
beijing_grid_305,beijing_grid_283,beijing_grid_324,beijing_grid_323,beijing_grid_326,beijing_grid_282,beijing_grid_305,beijing_grid_285,beijing_grid_240,beijing_grid_280,beijing_grid_219,beijing_grid_281,beijing_grid_240,beijing_grid_279,beijing_grid_303,beijing_grid_324,beijing_grid_390,beijing_grid_306,beijing_grid_260,beijing_grid_472,beijing_grid_351,beijing_grid_434,beijing_grid_205,beijing_grid_245,beijing_grid_222,beijing_grid_394,beijing_grid_432,beijing_grid_405,beijing_grid_298,beijing_grid_196,beijing_grid_325,beijing_grid_325,beijing_grid_261,beijing_grid_283,beijing_grid_326
